Points,Blocking_Time,NonBlocking_Time
1024,0.000472081,0.000224322
2048,0.000313124,0.00100804
4096,0.00183543,0.000749027
8192,0.00167063,0.000627089
16384,0.00118177,0.00408221
32768,0.00236547,0.00285902
65536,0.00513021,0.00420324
131072,0.00776444,0.00780088
262144,0.0163682,0.0159284
524288,0.0262046,0.030483
1048576,0.0610799,0.0607329
2097152,0.116518,0.11746
4194304,0.234509,0.212496
8388608,0.418886,0.416255
16777216,0.828396,0.856268
33554432,1.59882,1.64514
67108864,3.1971,3.16707
